Id,"bikes"
1,0.752686243141
2,1.51209527436
3,7.7421619066
4,4.05571160956
5,2.29076928073
6,11.1378937008
7,3.68422792149
8,4.63362203297
9,1.50980297127
10,2.65676451876
11,6.76343208233
12,7.60439078325
13,1.83882217819
14,6.30396967425
15,4.47516569645
16,0.0685507341975
17,1.62769574966
18,0.428522999762
19,8.63948917416
20,0.227288128737
21,7.8002489853
22,3.0640038978
23,1.88272023839
24,3.55636023504
25,2.51690681151
26,12.7622119761
27,2.08742294598
28,3.46286670601
29,4.47376075163
30,0.199656398289
31,-0.915044657172
32,2.80179098186
33,1.02144526854
34,4.4026552328
35,2.19702801261
36,5.98981800863
37,6.56451329701
38,1.94831657255
39,3.99988007204
40,3.44306704542
41,0.394577101494
42,2.19438730679
43,4.9916819413
44,4.77075353099
45,5.73753874248
46,1.19666594145
47,4.88884297543
48,6.49887717677
49,4.05888158121
50,2.64055728932
51,5.6904101606
52,3.36794675083
53,0.912488505234
54,2.17179962588
55,3.39292313647
56,3.41387249235
57,0.402129559119
58,4.78938840432
59,4.19950810036
60,1.71818927574
61,2.07759081029
62,12.1092190774
63,5.02726682112
64,18.4013650178
65,1.14347213356
66,-0.323744683525
67,3.69626105487
68,-2.45317295958
69,2.47630404139
70,1.90972349997
71,10.1962336824
72,12.8021898461
73,16.5294060455
74,0.627093537246
75,6.59534087271
76,3.43844642406
77,4.5798884905
78,4.32565293459
79,5.92975122749
80,0.067618104922
81,1.34615772304
82,6.23984149502
83,1.40863457476
84,12.5980528329
85,1.42724718199
86,6.47050895885
87,2.12278999351
88,0.0813136350159
89,2.10987558941
90,7.42608496305
91,16.9064424228
92,14.0642905287
93,8.04782743019
94,14.931391169
95,7.06653667362
96,3.23665010399
97,6.61824103313
98,8.38956358024
99,15.9759755919
100,0.356358647201
101,-0.239915108538
102,12.2618148438
103,6.19925171756
104,18.8444246513
105,13.1421823603
106,4.03876676059
107,5.45614320062
108,4.48009789567
109,12.1486654849
110,11.0514872469
111,16.5056276474
112,14.2870645101
113,13.4675721131
114,7.79738871045
115,6.84463297103
116,20.5738237662
117,5.20061429637
118,7.42313198959
119,19.8344142716
120,4.42623337502
121,2.83868470051
122,8.01945239305
123,6.34913523171
124,6.67533050773
125,7.84491197804
126,5.08695662028
127,9.04867975315
128,2.19219830218
129,2.5685409736
130,4.63572184995
131,9.76642567968
132,11.4441389815
133,9.63987069135
134,7.98853402733
135,2.66548601597
136,10.6768348708
137,4.91322542481
138,2.19229301768
139,1.73538098289
140,8.73511892547
141,-1.18678658864
142,4.03644283156
143,3.60440018973
144,7.47668979722
145,9.50147931758
146,8.04898590094
147,6.83592798339
148,7.3626782184
149,2.92208546812
150,7.07162449077
151,-0.0951862223385
152,8.42793060459
153,0.852932116608
154,17.4430253234
155,7.02733450615
156,10.823218225
157,4.78946251771
158,14.5369141065
159,0.64413570363
160,14.2950204139
161,-0.18382905836
162,-0.556387982511
163,8.11937469384
164,8.96732957304
165,4.19491015527
166,20.5021038309
167,1.73918973105
168,1.084262932
169,17.5367506067
170,8.47893064818
171,15.4564411089
172,10.8788534932
173,3.88963089762
174,13.6460256535
175,15.5302817722
176,16.4554676782
177,1.44141771465
178,5.2759523521
179,0.583985986144
180,10.4854140712
181,0.981868897686
182,1.30007777069
183,6.95019482509
184,2.06271622368
185,3.51753618949
186,2.20208885369
187,0.597426378143
188,8.64916536866
189,0.803484803563
190,3.77568709507
191,2.21130373576
192,11.7835723475
193,4.67543592658
194,0.570606664175
195,3.1935927222
196,1.76495793626
197,7.57014545066
198,8.25124418105
199,2.19524199944
200,14.7627228924
201,8.22422288197
202,3.15693289408
203,9.62956063295
204,15.0872277861
205,9.29314413934
206,7.78467006116
207,7.19530605409
208,0.10673647651
209,10.1946472733
210,4.36479678074
211,1.34634371221
212,0.314262237454
213,6.89313892073
214,2.2022698357
215,5.5153752393
216,11.2634063346
217,4.65881163195
218,11.1757430108
219,11.7783319519
220,9.20486997753
221,1.1730024022
222,12.4116387616
223,-0.353125155833
224,5.57274770989
225,23.3973526823
226,4.91534568696
227,-0.157371663407
228,3.21101057405
229,22.3007924074
230,2.04145802439
231,4.38795257277
232,4.72485675885
233,-0.328387754691
234,11.9860252443
235,12.7226447156
236,11.4273774908
237,2.66064460406
238,7.1867832599
239,16.6154032155
240,2.12782107129
241,5.00659933192
242,2.67451267652
243,9.91719407026
244,4.50344111053
245,1.75835687749
246,4.69221426201
247,4.50115017661
248,4.21747599911
249,4.66908812909
250,1.27754420152
251,2.69661332837
252,3.51289609445
253,7.36175315193
254,2.13411228788
255,14.2441811812
256,13.4234894082
257,10.0455017521
258,4.22541097132
259,3.27167896528
260,9.58374392345
261,1.72978526531
262,2.61807734461
263,2.12285853172
264,9.15890230178
265,10.9039270483
266,4.9206377112
267,10.8940996439
268,7.61749121184
269,12.9310359532
270,3.44419698023
271,5.06219342165
272,1.58736349835
273,1.65241424645
274,15.1570953656
275,2.6554434457
276,7.74629635755
277,1.95142753331
278,5.29857567778
279,1.82667768542
280,0.816702321515
281,4.35142002633
282,1.25310661727
283,2.71303863327
284,5.64716129247
285,12.3199657075
286,3.96605115403
287,1.32917836936
288,1.53088232775
289,1.82749180668
290,8.2618463351
291,1.50509971767
292,1.43805660908
293,1.72338800397
294,1.82149829393
295,3.77602724964
296,7.25703827982
297,2.39914860737
298,2.72911382946
299,3.9748655329
300,1.08638657641
301,4.37872356614
302,2.73109730102
303,3.89119465147
304,4.78020243098
305,4.50886745847
306,3.81721907161
307,1.07240878104
308,2.00089058323
309,2.61272307804
310,3.61651544362
311,1.51561950797
312,3.1210755829
313,2.38791229594
314,2.75132955835
315,4.85018891694
316,1.18367244138
317,1.69687750185
318,4.75773448489
319,3.92622604656
320,1.23346917116
321,0.00066305264
322,2.52989297922
323,10.202287958
324,6.51660784188
325,2.88821543666
326,6.39199005356
327,4.23229080364
328,2.56337026011
329,4.00956951561
330,3.74916145798
331,2.52885773063
332,18.0055020667
333,6.90001407191
334,2.29548944065
335,5.25924638602
336,3.00896313005
337,12.6801870156
338,13.7322213214
339,7.40364742762
340,1.63666931804
341,16.0952741647
342,8.39052630359
343,0.762830669001
344,13.920489945
345,0.750563182576
346,1.81394117787
347,1.78912855355
348,20.243188694
349,10.4704785537
350,13.8381301757
351,6.16597024699
352,10.162608123
353,8.34304696116
354,3.72161616923
355,1.99417171243
356,7.33608592133
357,10.6220319063
358,8.79963311583
359,9.76785727212
360,10.1789353623
361,1.01705436226
362,4.8873661348
363,3.33049384175
364,1.31931746875
365,3.31557730127
366,0.880960452933
367,1.35199579919
368,7.06051071991
369,2.952536856
370,-1.50940909633
371,9.78036276409
372,2.28413737737
373,6.32262103984
374,4.71361802055
375,12.4378420845
376,7.03511120109
377,2.77613643507
378,5.73147638588
379,3.63323193164
380,4.46906741029
381,4.99262237688
382,13.3831391833
383,5.13165772938
384,11.2867678678
385,11.1881304923
386,4.27382717092
387,5.44282432395
388,4.8163096933
389,9.20179144603
390,3.5265478187
391,-2.34417778622
392,7.47378931528
393,5.52655735029
394,12.746516156
395,1.83750998776
396,5.32877442646
397,12.8824204492
398,13.8383842355
399,21.5195118491
400,7.87699968892
401,9.17988326815
402,5.91815753747
403,7.77089538833
404,7.45065741886
405,13.1299076408
406,9.77901936759
407,9.2998326943
408,16.4647039531
409,7.5140437986
410,9.04854594124
411,1.50866346659
412,5.12881839669
413,12.5524456039
414,8.70456816376
415,7.18932576208
416,9.09943205556
417,9.31736296091
418,7.28963378512
419,2.60011081757
420,17.3966531581
421,6.02239197586
422,5.1435840129
423,7.80604466818
424,0.773239362347
425,4.10980689564
426,6.40762588338
427,6.86187842871
428,11.2349383666
429,15.0576023652
430,13.0585329458
431,15.8162668525
432,1.45575964851
433,10.6589236719
434,5.85839110124
435,6.02221468757
436,4.85257387151
437,12.260207572
438,5.36823710451
439,11.2005669457
440,7.58030316926
441,5.63132296844
442,2.11379382244
443,-1.10938560298
444,8.3351096299
445,7.65073647736
446,8.23442870989
447,9.49165056062
448,11.7214781509
449,5.64602912423
450,3.12914889853
451,1.42811249273
452,5.02505631288
453,4.42231275883
454,1.96590869637
455,9.90296469053
456,10.880594607
457,2.02522347497
458,1.9157735976
459,5.32590258113
460,6.23670996067
461,5.18558228287
462,6.41921159273
463,14.6333135937
464,5.35815529813
465,9.40205836604
466,11.4335724605
467,6.19838936931
468,2.63783581408
469,11.4787845051
470,13.2914992257
471,13.3204971496
472,2.40654342024
473,1.99074223409
474,9.89428717593
475,0.905957513892
476,7.34197347433
477,2.89254759389
478,4.86003041559
479,1.07916446913
480,5.315265325
481,6.30239714256
482,3.94717500109
483,6.37729852912
484,1.59132384717
485,0.833565901447
486,11.4531536398
487,10.2870344462
488,0.191757672292
489,15.7369887623
490,8.15581953204
491,10.7545806899
492,8.90171590462
493,1.63888282062
494,2.33492660281
495,5.07549908617
496,10.1606496797
497,4.67427755084
498,0.836860761508
499,12.4854311717
500,6.17586144141
501,4.58199733029
502,3.12363046957
503,11.1946267853
504,13.6356054129
505,15.1440178459
506,10.9060729291
507,3.04598960816
508,3.25742860021
509,6.93251919985
510,0.552382038882
511,5.80846602946
512,8.98683827191
513,14.7854740138
514,10.7529753235
515,8.41655267098
516,8.44678745343
517,14.5681469075
518,9.0368324073
519,6.76723106022
520,8.24890024729
521,6.71661526377
522,11.0751775642
523,10.7764111936
524,13.5593460112
525,9.04569258958
526,14.7037409116
527,4.20667204929
528,9.75005163712
529,14.6430901468
530,10.9382691056
531,2.55317690634
532,10.450639553
533,5.57170395602
534,10.254056785
535,16.4852034224
536,12.1374408584
537,2.83992378241
538,6.12530245837
539,9.53202679241
540,2.20062639751
541,16.1794613691
542,22.9134616728
543,22.9862386301
544,19.6562997712
545,10.907996362
546,23.5771606721
547,22.1815694547
548,19.0762649743
549,18.7159434407
550,19.9344630492
551,16.6285379219
552,10.500973271
553,21.048600311
554,17.2214946019
555,13.7694334928
556,10.8791068639
557,12.7222611015
558,22.2514156054
559,16.4328786024
560,16.6179236313
561,7.67095815273
562,5.44500687474
563,12.3626264969
564,7.0919082068
565,18.4749571357
566,17.3253138232
567,22.4012835452
568,18.0459752721
569,16.7535874439
570,14.2300451752
571,7.38103382696
572,8.71170210491
573,11.9973337455
574,7.8202814019
575,9.15791446843
576,7.12138327432
577,13.6725472274
578,13.8560898971
579,14.3128652598
580,9.00400827571
581,7.86922074853
582,11.2583356292
583,13.9697798639
584,7.62669645284
585,5.4000276947
586,7.19733099993
587,13.5105769646
588,6.26910763289
589,5.50853451817
590,3.71126591731
591,5.4187646416
592,6.344336478
593,4.92047431664
594,5.64604155071
595,8.21951801089
596,10.1488484175
597,14.6450679807
598,9.95150951184
599,9.19196841112
600,15.3480541272
601,2.40892097937
602,9.45875029809
603,4.8703535848
604,1.86664573565
605,12.1229905184
606,7.03482017771
607,10.5018964145
608,9.05057335748
609,6.22217033469
610,11.7685897316
611,2.83739718184
612,8.54480272319
613,6.18324112679
614,1.08966254555
615,10.317859744
616,7.97299040689
617,10.3771308809
618,12.8828504389
619,6.51667244504
620,3.8991458552
621,9.48469918889
622,7.76038596968
623,13.4859905893
624,5.88451475502
625,9.54516723421
626,5.78929772625
627,4.89212810602
628,12.8997306273
629,13.0635129383
630,10.4515948061
631,10.7772389787
632,18.2503398842
633,13.4177710762
634,7.29720468091
635,17.9814593263
636,19.3029278974
637,10.2207578955
638,6.51146320762
639,16.5011236453
640,17.7271992895
641,6.38200105513
642,15.0396820309
643,11.0960925674
644,5.25774624108
645,1.24368288801
646,0.496429589866
647,15.6070723764
648,15.1627398392
649,5.59970594722
650,11.5957171082
651,15.1887535931
652,12.1014903375
653,17.1279927671
654,8.63121491973
655,12.4861679105
656,15.4714162461
657,12.5737443861
658,0.751006907361
659,13.5527866514
660,4.58690464387
661,4.02702998133
662,1.72040253609
663,7.92216116442
664,5.17333867077
665,3.60130236606
666,3.58619720183
667,7.97736047472
668,3.46747801376
669,3.91961180759
670,2.96246743003
671,3.55702696867
672,4.18334360998
673,7.19107090009
674,13.8985676327
675,2.89626641222
676,0.941229492869
677,7.06359841902
678,4.50427635453
679,16.6831440464
680,17.9507915302
681,9.71315136378
682,4.33560166606
683,3.11488130319
684,3.15797841601
685,6.38513285554
686,10.3038362443
687,4.63002299532
688,5.14298653706
689,9.38819415151
690,10.1535001339
691,12.9702808831
692,12.3418571487
693,5.501894007
694,18.4540378917
695,7.51878118638
696,18.8475253299
697,3.10607723843
698,7.02296544251
699,17.5087757265
700,5.88358237153
701,8.79205822387
702,7.37277725698
703,-1.18986254785
704,18.906841026
705,7.74651009696
706,15.743528963
707,11.7186446211
708,17.1974965053
709,2.37701779341
710,3.19567303864
711,8.31101533349
712,9.08941563377
713,18.9708630567
714,19.48296392
715,17.7810218106
716,9.25505796053
717,8.17605015033
718,6.10772012558
719,12.5968656261
720,13.0588608026
721,11.0513249051
722,9.46876889541
723,7.83243740522
724,1.8525229943
725,8.37653831103
726,7.4514172265
727,12.8826758367
728,4.97123897755
729,11.4906436683
730,11.1385569892
731,9.84056762095
732,10.1107757082
733,5.24862368163
734,7.31240436592
735,6.29020989244
736,8.99911861769
737,3.53669322922
738,9.71857030175
739,6.19310614739
740,8.24567862233
741,4.92773051882
742,5.88618894439
743,3.75021415008
744,7.87189660044
745,12.6130322036
746,6.38549811758
747,3.77517634542
748,10.7958410272
749,2.69448407491
750,12.0493205618
751,18.997865903
752,21.329853965
753,4.50920214329
754,16.6675620064
755,19.7730574836
756,19.142513185
757,9.79051057022
758,10.9662065534
759,21.1700882223
760,13.6050948868
761,20.6278220587
762,14.924285647
763,6.59338336669
764,17.1062774975
765,6.81951898277
766,19.6264927479
767,2.28024567545
768,17.3516455665
769,11.5370952915
770,20.3841013982
771,20.8774980208
772,12.4577342063
773,21.6924719192
774,17.8100945876
775,20.9779024826
776,12.6910124955
777,8.28213895778
778,20.0088204553
779,13.1735182297
780,17.1036515032
781,8.44365755946
782,4.70880684396
783,13.8228317416
784,11.3886047598
785,10.7832175226
786,13.7552823012
787,10.3843036318
788,12.2307910389
789,5.25244199593
790,9.70081245472
791,4.78925802068
792,3.45321217135
793,-0.124465136731
794,10.5766202365
795,12.7412473982
796,9.10134941969
797,11.4709411656
798,9.59650007605
799,6.67252079754
800,9.47776417796
801,3.87749910844
802,6.28691362173
803,6.76732743238
804,11.1945743315
805,9.86302032349
806,12.6595334473
807,10.1630875061
808,10.8070266263
809,11.0067696223
810,4.56655793123
811,7.09427092463
812,7.00926983373
813,12.6489265254
814,0.983643063909
815,0.631188204125
816,9.67831934813
817,-0.55678758409
818,12.5096036018
819,9.92174450829
820,9.7962685358
821,8.07738160485
822,9.11471197886
823,7.18005911484
824,1.67565075366
825,7.87823131574
826,14.6431474461
827,6.84874127457
828,9.85718749553
829,7.3406565081
830,18.4665880392
831,16.5136861777
832,12.0675802318
833,6.51587534674
834,21.7778335456
835,11.9530466982
836,5.25316338406
837,10.2609828981
838,6.00382386522
839,2.18398156952
840,6.94824379792
841,13.7624029136
842,17.5386616441
843,6.3790172067
844,6.27469314114
845,20.6416270623
846,8.30262698641
847,11.8448034482
848,16.4427316299
849,9.42207595332
850,5.14334225017
851,8.83142451331
852,10.8996021507
853,10.8866071259
854,16.1025803985
855,16.9350845339
856,10.9297694801
857,17.6435466563
858,17.4786122439
859,7.15804223004
860,10.9868221805
861,7.75239311442
862,14.2943103252
863,2.5864813378
864,14.1155599159
865,17.516519877
866,11.0040442014
867,8.69086541967
868,4.84323936135
869,8.9127607675
870,8.79377559017
871,20.8265625357
872,6.101659633
873,2.9968173674
874,7.60912685859
875,17.06418775
876,21.5895552907
877,6.2850743899
878,25.9050655528
879,10.9392299192
880,7.78407702774
881,7.59053909315
882,10.3047517122
883,21.7063357498
884,9.33653784836
885,27.6962627447
886,3.72353081877
887,11.5379730832
888,18.2604726302
889,27.6539240789
890,25.2562778577
891,20.2765708858
892,21.2533085752
893,25.2485067332
894,13.5553559079
895,7.9657343214
896,17.2975127797
897,11.4409562975
898,26.3628947637
899,26.3765639146
900,9.74419069231
901,-0.122449914748
902,9.0437161009
903,2.91363489869
904,10.8252166988
905,6.71578252553
906,3.56003559551
907,17.1118966874
908,-1.76527573858
909,2.58595574289
910,16.2740081601
911,3.09072120648
912,4.85647039934
913,5.16011209193
914,4.20600052604
915,14.4407165182
916,5.28329757881
917,7.6874398493
918,12.9874204847
919,15.5400582465
920,10.4354950451
921,17.4054958198
922,10.9809750646
923,1.16901461775
924,4.79441943968
925,3.65767320751
926,16.0118894556
927,3.80226746373
928,6.03534959631
929,5.10037488596
930,10.6067162828
931,9.45147754516
932,4.3469003373
933,12.6370750792
934,6.0676510396
935,12.2067353896
936,11.5852743296
937,10.9534366964
938,9.99959239781
939,6.36785162353
940,6.71342651987
941,2.6798748034
942,3.35038382045
943,1.30169147303
944,6.7434346074
945,5.63905404141
946,7.60571628799
947,10.047936274
948,6.94942079427
949,12.6174625708
950,5.45236408929
951,9.90811954113
952,11.8283239591
953,9.66893288633
954,12.3307013807
955,9.60829553263
956,5.52070018094
957,8.50236179186
958,4.38478974193
959,8.21194334859
960,6.55739049464
961,8.73126118126
962,14.9361427662
963,2.43727924482
964,21.3035650816
965,23.2135199642
966,17.6453436678
967,19.4687229538
968,14.9777474044
969,32.5132352787
970,3.58343275567
971,19.8912027337
972,4.40968467082
973,12.5156097427
974,24.8779668876
975,11.3859890899
976,-2.06707668524
977,2.91659994435
978,15.3872687905
979,2.66049925095
980,13.43122339
981,36.7311625827
982,21.3442579582
983,5.05905468331
984,10.6146614567
985,15.251677724
986,15.5085199964
987,13.9039128608
988,2.88248444829
989,14.1427442485
990,10.121864064
991,1.60179180917
992,9.64937493028
993,9.73989744415
994,4.71772344992
995,10.6366490089
996,11.4081195071
997,14.3573781685
998,7.24314707719
999,9.35283173562
1000,2.38407881149
1001,14.5606723694
1002,7.48746707354
1003,4.84896149866
1004,12.1530154532
1005,11.6489016785
1006,4.47542198812
1007,5.23122306951
1008,6.09787430799
1009,9.09889578136
1010,10.5738200758
1011,4.13219219399
1012,10.4248829438
1013,19.8561510256
1014,11.5737553385
1015,9.94720750651
1016,9.77646200206
1017,3.95684112983
1018,6.28018345721
1019,9.67456663151
1020,8.84685138007
1021,12.9828768728
1022,6.65057541281
1023,9.30498280014
1024,10.0565884489
1025,4.90322748417
1026,10.2203471686
1027,3.46755335006
1028,8.5334275353
1029,3.72699974821
1030,6.51515456226
1031,11.7676134854
1032,10.6278043324
1033,11.9525273975
1034,6.57106704365
1035,13.2832759817
1036,2.45572476824
1037,4.29715599975
1038,12.5502200889
1039,8.9939243313
1040,14.940355398
1041,8.99502581475
1042,7.69817119414
1043,6.42683810179
1044,9.90678735881
1045,9.46408798372
1046,9.13477960402
1047,13.165126714
1048,10.6956286529
1049,12.2965747608
1050,13.8504910377
1051,0.949155946238
1052,0.937921012375
1053,2.53210244913
1054,3.34627587829
1055,7.81949039936
1056,4.03832177107
1057,6.43708535135
1058,6.36717100589
1059,10.3740854585
1060,4.90516895417
1061,6.79169172745
1062,12.7713657274
1063,5.03829968538
1064,11.1545741393
1065,2.46981600297
1066,4.47843398122
1067,5.15873495571
1068,1.39449200612
1069,6.61680770092
1070,4.05795703327
1071,4.89359475149
1072,1.7802826591
1073,4.25213700223
1074,6.97135471169
1075,7.06438642713
1076,2.80042721742
1077,7.57839005305
1078,1.43768474388
1079,3.49601517456
1080,5.65044435135
1081,1.47115223972
1082,18.7266856419
1083,13.5629726854
1084,7.78499584288
1085,8.30518533485
1086,0.829639955979
1087,6.19648243894
1088,0.146006626444
1089,12.1125628371
1090,9.15196796098
1091,11.8716460263
1092,8.57305951184
1093,4.11077161565
1094,2.70670822244
1095,3.99601175857
1096,1.35865482996
1097,10.3852996349
1098,7.03777168492
1099,12.014141252
1100,10.7629907303
1101,10.910908346
1102,2.73723532277
1103,0.479011618993
1104,3.6130976983
1105,14.1919278013
1106,8.7639822294
1107,0.975989224051
1108,9.64833222216
1109,10.4547915265
1110,4.37517851506
1111,0.23424805476
1112,0.155097136636
1113,2.05878432322
1114,6.11421881038
1115,3.14449114395
1116,1.31767092916
1117,8.26119843784
1118,2.41151911866
1119,3.00936064685
1120,4.28144343699
1121,3.28713133671
1122,8.28965294599
1123,1.87885277759
1124,9.76717570392
1125,4.4319351699
1126,3.9550506321
1127,3.6870684513
1128,4.41811639481
1129,5.56031411028
1130,9.64464403441
1131,1.38368080558
1132,6.197423152
1133,8.27416785766
1134,3.52660516993
1135,5.55739608843
1136,4.75643311857
1137,8.86796692554
1138,5.65201756073
1139,8.07908657572
1140,3.09477153544
1141,7.86900857392
1142,5.4773751589
1143,14.5715692141
1144,4.03768132662
1145,7.12649882905
1146,15.630242051
1147,11.2582016945
1148,6.48108252015
1149,8.45918878199
1150,10.7535922878
1151,5.36579926743
1152,6.12487410337
1153,3.94211873799
1154,4.01927183927
1155,10.5001459843
1156,9.38242478701
1157,4.45627912643
1158,9.17988119325
1159,16.173803167
1160,8.81197951197
1161,8.30731746003
1162,9.72300648196
1163,5.17886208819
1164,14.2116225347
1165,11.076823944
1166,13.2133428752
1167,3.19729413136
1168,12.6710124722
1169,13.6741021338
1170,12.1858926729
1171,9.10780895845
1172,3.26968407709
1173,6.62004935721
1174,15.8404802116
1175,1.58557987256
1176,0.025367697761
1177,7.36738161537
1178,5.15438811957
1179,11.920275305
1180,7.29214942947
1181,3.9113112886
1182,2.5468764071
1183,17.0845351252
1184,5.68942321877
1185,6.17094931182
1186,17.1133939051
1187,10.6716290848
1188,12.1091739844
1189,12.6684368693
1190,14.3143321306
1191,19.6237986387
1192,6.26419581377
1193,8.60261821823
1194,16.5148665938
1195,10.6002956597
1196,7.29748543653
1197,11.1420364137
1198,7.40658274979
1199,6.85852705441
1200,4.29407661318
1201,7.18131516769
1202,5.91650668785
1203,6.8919809122
1204,9.61667138425
1205,13.1674713412
1206,11.0430966248
1207,13.6349114757
1208,6.34781363668
1209,8.91041816305
1210,5.87008877196
1211,10.7418972136
1212,13.3577368308
1213,14.0175350061
1214,8.89034036527
1215,4.88313418392
1216,10.9861042038
1217,9.90902024236
1218,9.21383803832
1219,11.3412620469
1220,3.14806633003
1221,4.30479205763
1222,11.5694134555
1223,10.2826574572
1224,7.05496289655
1225,6.9504544765
1226,9.56667863669
1227,13.8393955233
1228,11.9825729438
1229,9.84389152441
1230,10.5346204143
1231,12.7752176602
1232,13.8870556822
1233,11.1692664524
1234,14.9851991774
1235,11.2460484259
1236,10.6626666314
1237,13.2497504549
1238,3.81084511754
1239,14.8035037708
1240,9.91265239597
1241,8.11410737709
1242,10.8741437183
1243,7.12631607017
1244,3.58108127307
1245,13.7019509017
1246,3.57234695845
1247,10.7184036651
1248,10.6634090086
1249,11.290775324
1250,10.202006829
1251,13.7144527418
1252,14.2744045681
1253,12.7211005211
1254,14.7232073636
1255,4.34508937081
1256,5.115990182
1257,2.41292473864
1258,11.0750151906
1259,10.7950700876
1260,13.3646456539
1261,13.2038390392
1262,5.94559028094
1263,1.57087211304
1264,4.204241417
1265,14.7466994526
1266,15.3854863411
1267,2.69271896936
1268,14.4685472129
1269,16.002770053
1270,19.5374613844
1271,9.75995070303
1272,9.2637931614
1273,18.5980891833
1274,12.7476529061
1275,3.34199791167
1276,15.9941071521
1277,15.6790392736
1278,18.4866946444
1279,9.63743723257
1280,11.9897306464
1281,7.66418148731
1282,13.4111794408
1283,10.7815323404
1284,7.96203575534
1285,11.5867203538
1286,7.91361751367
1287,10.8877327182
1288,12.875236482
1289,13.1976754923
1290,14.45979683
1291,9.28973864867
1292,8.77991834618
1293,8.47707833858
1294,7.78089796286
1295,12.0816113078
1296,10.5089245543
1297,7.55459585846
1298,11.718663723
1299,13.2026400727
1300,5.54065302628
1301,11.2707187504
1302,10.6310320081
1303,9.23335643158
1304,6.94535231288
1305,11.0870104386
1306,13.901448185
1307,5.19079054919
1308,13.6070355265
1309,11.7683290201
1310,4.87141189254
1311,11.6781578506
1312,4.68674694979
1313,7.30334864787
1314,13.7207564848
1315,5.25478659131
1316,4.36391705079
1317,5.01562928702
1318,5.18468803421
1319,10.0618999307
1320,12.4680893945
1321,6.64961888652
1322,3.4989641277
1323,5.27089801141
1324,1.11769419477
1325,2.98854869836
1326,7.34085680929
1327,3.62813706166
1328,1.87433344945
1329,2.93943265008
1330,9.4086241056
1331,6.18597437788
1332,10.4710736618
1333,1.24726870982
1334,6.13201527214
1335,6.18255599598
1336,10.2387288132
1337,8.1237161128
1338,12.3849798117
1339,7.54567998272
1340,3.32863607091
1341,5.26068381095
1342,3.53743594973
1343,12.096322718
1344,3.25594072061
1345,6.15934175651
1346,8.6686216415
1347,2.0441612385
1348,3.93618592195
1349,0.651100456233
1350,5.42428427825
1351,9.10419581752
1352,7.26385892247
1353,10.1762656281
1354,2.89371617315
1355,6.379169422
1356,7.89035604047
1357,0.611842364951
1358,2.72805858231
1359,12.271942467
1360,6.00322304099
1361,2.15611858319
1362,4.57797087686
1363,5.68237077989
1364,4.44636987479
1365,3.5732021527
1366,8.14024526884
1367,6.75997095657
1368,7.78327441436
1369,2.07326444051
1370,3.7923547189
1371,12.342404595
1372,7.2112703256
1373,5.66285277664
1374,0.330004045149
1375,2.2909204865
1376,4.3363230766
1377,1.91380793435
1378,5.07336151675
1379,1.92943904091
1380,3.05349043535
1381,4.97400476372
1382,8.29893547487
1383,7.14360009383
1384,10.2492949619
1385,7.7230048542
1386,2.20055123921
1387,7.25470947417
1388,3.81399064349
1389,1.20078875472
1390,6.42360464512
1391,4.33515811398
1392,3.4071069316
1393,3.16890309996
1394,7.90478333443
1395,6.34180367977
1396,7.28904325441
1397,5.63778595583
1398,7.0500056051
1399,9.97580272761
1400,15.0303635548
1401,5.77161391698
1402,13.4314776824
1403,13.1246090542
1404,11.5620817445
1405,9.76681971034
1406,3.03552638346
1407,6.67845298687
1408,4.69652471572
1409,7.71346261382
1410,5.57569924062
1411,13.4516170426
1412,15.4332770984
1413,4.4800104343
1414,11.7510504105
1415,22.6224248273
1416,14.2373989205
1417,9.6471624043
1418,20.5032373176
1419,13.2033439422
1420,9.46018807343
1421,12.1315163474
1422,14.3924119932
1423,4.99121307361
1424,18.882231545
1425,3.06660489455
1426,3.97869302455
1427,3.97289464401
1428,8.60000588354
1429,9.58845045315
1430,11.4157252983
1431,6.73526751329
1432,11.7344688152
1433,9.18815583889
1434,8.94543984468
1435,15.4275166019
1436,10.0311386486
1437,16.6341251278
1438,7.01091777982
1439,13.8303351462
1440,3.79355462298
1441,1.25138959972
1442,0.607094907474
1443,3.71322976839
1444,32.562830824
1445,1.7229317008
1446,9.03497984145
1447,27.4003112708
1448,11.1629549993
1449,1.5237849106
1450,6.2302721122
1451,-2.17638434921
1452,1.79187098783
1453,10.6908246161
1454,1.38825452005
1455,7.262431624
1456,1.41269400474
1457,1.65216598565
1458,11.7303536742
1459,12.2925695529
1460,17.6352757733
1461,20.8747083116
1462,11.4724203738
1463,22.2003601966
1464,28.1982536485
1465,32.724020724
1466,2.91145104727
1467,5.97737475302
1468,2.43137123472
1469,5.53901451627
1470,16.5257300397
1471,12.9691533362
1472,16.8702071303
1473,16.9425560891
1474,14.4883450118
1475,8.90920254045
1476,13.3826108414
1477,15.7495344351
1478,13.5211469874
1479,9.06417960784
1480,9.84200165466
1481,6.78940735933
1482,11.4769475998
1483,9.28348800419
1484,13.4764174421
1485,5.22060993513
1486,9.33003015286
1487,15.4313677648
1488,14.6177569653
1489,16.1024380677
1490,15.9719083109
1491,13.4482439942
1492,15.3419672621
1493,7.85687962364
1494,9.39405416173
1495,8.74541679326
1496,14.5813182052
1497,5.229694075
1498,14.0408295674
1499,15.6301938672
1500,16.5504163207
1501,3.86588138315
1502,4.78427487241
1503,10.1370617232
1504,11.988268785
1505,6.21313017632
1506,5.77661921327
1507,4.73136964568
1508,0.491606933879
1509,6.04235071072
1510,3.98149994846
1511,4.02221359583
1512,2.00291087396
1513,6.53156297551
1514,3.61367868415
1515,6.09809293724
1516,4.41705222104
1517,1.89493085327
1518,1.12119276394
1519,5.31561481903
1520,4.7731687846
1521,2.41346599344
1522,6.28088132585
1523,14.6023684701
1524,12.7299979541
1525,4.39742577496
1526,26.7739705458
1527,26.589018989
1528,7.14820406078
1529,5.2983352325
1530,6.2135798607
1531,7.98752338337
1532,0.148668787058
1533,8.53078496085
1534,0.199349607363
1535,4.11537758023
1536,3.39982479302
1537,4.3972439613
1538,2.25497120025
1539,5.27526981677
1540,6.53048515357
1541,0.911702245783
1542,1.85158776026
1543,0.765245370149
1544,4.47417054443
1545,7.57696527471
1546,1.04272663292
1547,2.32327967809
1548,3.3384842884
1549,7.31273422339
1550,10.250274518
1551,5.32923187212
1552,6.78706729757
1553,6.77258455315
1554,3.65040968575
1555,3.44175531238
1556,9.50432321661
1557,5.95830689785
1558,4.27785064357
1559,4.63642852198
1560,3.92391062782
1561,8.57919779011
1562,2.93411747777
1563,11.5656501611
1564,2.6358188828
1565,6.87946060205
1566,-4.45614870422
1567,3.26686186911
1568,7.55511640522
1569,3.29537841677
1570,2.00887693106
1571,5.18634043612
1572,4.58255459476
1573,1.91131615265
1574,1.78224782346
1575,1.80511025242
1576,10.3862999856
1577,0.535305140548
1578,2.92418142431
1579,3.38861624098
1580,5.72871431324
1581,5.04529142563
1582,2.94753615986
1583,1.20124544567
1584,6.42514612008
1585,3.97551954947
1586,5.7060447497
1587,9.91552214132
1588,0.864956851801
1589,3.9663095309
1590,1.33816219259
1591,13.2178826895
1592,4.22350374993
1593,8.32514493632
1594,5.8119702807
1595,14.1282546417
1596,0.281388897992
1597,3.50387354489
1598,2.91154228397
1599,4.71074126342
1600,6.10953108585
1601,5.35800599684
1602,7.32381813339
1603,6.60615727844
1604,7.27906081934
1605,8.74187152998
1606,1.2956865677
1607,6.68555108269
1608,7.11627386699
1609,7.36882233042
1610,15.7228800162
1611,17.0385505977
1612,13.8130616869
1613,7.8700914853
1614,3.10221532756
1615,7.58186268029
1616,2.98279406983
1617,4.14491477409
1618,3.95579340705
1619,11.26379462
1620,6.49812351757
1621,14.3382031687
1622,15.7946417492
1623,3.3734763987
1624,7.82836231482
1625,19.4478383364
1626,2.52058028461
1627,9.53685898941
1628,11.8734950402
1629,7.85768737491
1630,15.1289710471
1631,8.07780456293
1632,10.4203487535
1633,14.0850978248
1634,0.0507560958555
1635,13.6737701627
1636,11.6162923443
1637,11.322788717
1638,2.51502714593
1639,14.9247872313
1640,12.8273503301
1641,3.81700902638
1642,16.6082494807
1643,6.19415430895
1644,5.78404758088
1645,11.526516512
1646,10.6373104231
1647,18.0837090933
1648,21.5957869954
1649,14.687095967
1650,17.1435807821
1651,5.96798382636
1652,12.6523726376
1653,7.97693002153
1654,6.29609184633
1655,7.07579703169
1656,4.67926264817
1657,6.63181900375
1658,4.71981575909
1659,4.7890466925
1660,9.34821424845
1661,9.73065734934
1662,7.26772590944
1663,12.4072101745
1664,12.7677760064
1665,6.21809845877
1666,12.5601886883
1667,9.61977147256
1668,7.78054040991
1669,4.30202016654
1670,2.82202632476
1671,5.39114361682
1672,4.13920712091
1673,5.91884012794
1674,2.21047248815
1675,5.14563071587
1676,3.08716229569
1677,11.8413742977
1678,11.7116776487
1679,9.55653975456
1680,9.10009683749
1681,12.3295658701
1682,7.38598899603
1683,11.0633599339
1684,6.05805394932
1685,5.24830623314
1686,8.48481206008
1687,6.36692081584
1688,1.29401674326
1689,3.662296023
1690,5.10776142506
1691,13.1607254586
1692,11.2807827923
1693,7.12164445913
1694,11.8485124901
1695,1.46884333704
1696,7.35246571734
1697,7.65967699725
1698,10.4185409373
1699,7.18383641139
1700,8.57031057105
1701,5.44500388877
1702,2.60076090007
1703,8.34559682751
1704,4.50100131186
1705,7.76746275982
1706,6.88113483521
1707,11.7813607654
1708,12.2898215452
1709,4.72747694695
1710,8.75570894225
1711,10.7573822169
1712,4.3545392606
1713,4.34491606655
1714,3.33051001006
1715,0.999408655375
1716,2.47847728488
1717,2.32185475565
1718,5.0538471076
1719,3.09048615798
1720,7.82035838207
1721,1.77988277975
1722,6.62841923779
1723,3.22276724956
1724,10.603364198
1725,3.36178772453
1726,8.64912692529
1727,8.73837272539
1728,9.00499989599
1729,9.68852908469
1730,11.4296325538
1731,10.1230820963
1732,7.53872661802
1733,8.56853749823
1734,5.36848833265
1735,2.41345657691
1736,5.45180581935
1737,10.6991423899
1738,6.27073890425
1739,12.733928187
1740,2.97885980011
1741,6.05687173414
1742,3.49338299743
1743,6.23506240689
1744,-0.0839251503015
1745,12.5157317081
1746,6.02137785945
1747,8.1512831585
1748,6.35900324369
1749,3.28845908924
1750,4.53210642551
1751,8.52728332844
1752,4.80534408127
1753,1.82522343714
1754,9.36139133534
1755,11.2430400443
1756,9.5645982084
1757,11.9894850213
1758,8.3801762833
1759,7.17921294231
1760,10.4221727978
1761,9.79262829328
1762,2.01739705486
1763,10.358203866
1764,8.65789682375
1765,7.24371172414
1766,4.8157006546
1767,4.32579926825
1768,13.6785864504
1769,12.2452963778
1770,12.6623091895
1771,9.16457690543
1772,6.85006513379
1773,5.06077419449
1774,4.88204399841
1775,1.58482682076
1776,7.3446293729
1777,2.00638008614
1778,2.66258194213
1779,6.2992370747
1780,6.65912894946
1781,7.27136098794
1782,5.21046493141
1783,6.40265453935
1784,3.01164307684
1785,2.71672521753
1786,4.74232274492
1787,5.64695726491
1788,4.28212377386
1789,5.76249119842
1790,5.57667069428
1791,6.04243304919
1792,6.9795002708
1793,4.95668654528
1794,4.32930243441
1795,5.68524605295
1796,7.47733274216
1797,2.88774019309
1798,10.9228603742
1799,14.3060553165
1800,5.46029699988
1801,6.64959456838
1802,7.94227007655
1803,2.48862131539
1804,0.457960313345
1805,7.83790635464
1806,7.84173307505
1807,3.27081283801
1808,10.2665046771
1809,1.00217383066
1810,11.5692269237
1811,1.99888000282
1812,5.01161395102
1813,7.94628553534
1814,-0.460678298665
1815,9.36300544201
1816,2.89259007801
1817,3.57230977868
1818,1.44345260992
1819,3.39561642374
1820,1.81430165423
1821,7.99615863066
1822,4.51076216208
1823,0.324171917625
1824,9.31397637784
1825,8.60053479999
1826,3.63402871287
1827,8.30694243606
1828,3.00722476205
1829,1.57654298089
1830,-0.0101654540675
1831,3.92375285707
1832,4.3574497915
1833,5.02509677689
1834,0.334290547816
1835,4.36162251705
1836,1.86051326579
1837,6.19578930383
1838,8.02881826939
1839,5.0585461047
1840,6.63525735229
1841,1.75867504419
1842,6.00514006047
1843,10.1052831894
1844,0.686524520421
1845,10.1071735454
1846,7.61840807621
1847,3.37738956566
1848,2.41393310697
1849,4.16940856881
1850,2.45563809551
1851,3.96248252214
1852,3.30319642037
1853,3.16290464806
1854,3.29232106185
1855,0.646661741142
1856,2.48052519285
1857,5.05488770191
1858,3.79969746457
1859,3.48472600304
1860,2.44090773863
1861,13.1718833598
1862,6.47593778705
1863,10.5134978141
1864,9.97448218209
1865,7.01227003279
1866,3.47001182673
1867,11.6943447274
1868,9.39940403412
1869,7.09786348474
1870,4.51609808588
1871,10.8713764753
1872,4.65157978486
1873,1.33988453227
1874,7.55489688271
1875,5.40373548824
1876,0.962272067561
1877,5.14677722744
1878,3.70800798676
1879,-0.729673854803
1880,3.18645824
1881,1.42883255093
1882,5.79839238929
1883,1.78220341761
1884,5.92000588665
1885,3.26376971054
1886,2.32437749437
1887,3.53630505975
1888,6.17399567241
1889,3.48955496104
1890,3.34005411355
1891,5.49304193724
1892,8.73133996534
1893,3.76941554954
1894,4.07793351411
1895,1.95350202123
1896,3.0077151051
1897,3.19815678113
1898,-0.996976515699
1899,6.96752196461
1900,6.79725435946
1901,0.601278790143
1902,2.52768239722
1903,5.53826651639
1904,6.22018195822
1905,3.95542075715
1906,4.85687966879
1907,4.87458339403
1908,8.8306021682
1909,11.4708751471
1910,6.84114346758
1911,6.83483190198
1912,0.790967709813
1913,5.356645904
1914,3.83871830959
1915,1.92215354673
1916,5.40522942918
1917,5.62804206107
1918,7.04643942509
1919,1.48881441134
1920,1.65904310032
1921,1.83139286692
1922,5.64372836331
1923,1.14491081542
1924,4.63248283524
1925,3.15447166007
1926,1.5094207686
1927,2.34876136619
1928,1.10662905199
1929,0.188911461166
1930,0.95203662872
1931,0.782587075289
1932,2.1538819581
1933,2.98414673929
1934,1.25811219182
1935,10.5275185332
1936,4.73804595974
1937,1.13473186013
1938,0.800349196601
1939,1.62402269894
1940,4.41522639957
1941,2.26112131778
1942,3.01374291678
1943,1.53894997294
1944,0.769867081299
1945,0.73951044203
1946,1.72429475651
1947,0.88919803755
1948,1.24971039836
1949,3.40698879091
1950,0.624364795884
1951,3.52237602633
1952,3.42541450376
1953,3.60640751869
1954,0.900619899053
1955,0.842484305289
1956,4.43625622185
1957,0.957852917744
1958,5.19717797706
1959,0.69985376864
1960,2.38442377252
1961,1.89519293237
1962,2.6734495644
1963,3.85723401676
1964,2.93913016885
1965,2.32551585638
1966,2.18066102751
1967,1.95076830224
1968,2.19780949427
1969,3.89756340032
1970,3.15580378192
1971,1.07581568291
1972,1.82189070237
1973,7.4359723204
1974,2.5378631275
1975,2.35703992337
1976,6.09742114697
1977,1.53669121045
1978,3.28035060606
1979,0.865283209149
1980,3.22466651563
1981,9.09835974201
1982,2.09915994532
1983,2.57606706248
1984,3.22438468811
1985,6.20926989428
1986,-2.66494939986
1987,5.52244773207
1988,2.51926411677
1989,7.67041016954
1990,3.64142033652
1991,-1.43736122167
1992,4.49249441319
1993,12.5421390721
1994,5.79163467556
1995,9.67578064676
1996,5.96402531298
1997,8.06872831178
1998,8.51927028017
1999,7.77932121384
2000,4.09384904916
2001,2.00363363719
2002,3.10306720071
2003,2.73917985996
2004,1.33597158994
2005,1.90336352966
2006,3.17536752735
2007,8.65920914344
2008,7.28098640681
2009,10.6604761844
2010,1.9747072388
2011,7.1861611979
2012,4.5451175816
2013,3.29791432226
2014,10.8520381854
2015,2.90796385294
2016,5.6351537534
2017,10.6143109863
2018,3.0852062378
2019,8.86196184527
2020,8.49006690462
2021,5.20468363908
2022,12.0528447562
2023,0.704641872891
2024,7.1708048066
2025,4.82205325029
2026,3.374828277
2027,5.96569613381
2028,6.94588296044
2029,4.94128142909
2030,3.97540154226
2031,2.72673272449
2032,0.560752568795
2033,4.89595623547
2034,2.07379825322
2035,-0.974891232698
2036,5.45489833245
2037,10.7525450472
2038,12.1026251078
2039,6.43614107383
2040,7.09442093715
2041,15.3576268226
2042,12.0899240319
2043,5.84750396554
2044,6.74457849091
2045,12.0465006445
2046,12.9793940616
2047,13.3236352577
2048,8.70588615057
2049,15.3571268011
2050,11.1065440286
2051,5.78750216577
2052,8.87392449191
2053,15.4308058786
2054,17.9532865578
2055,17.5214773723
2056,11.6160525108
2057,12.314522559
2058,16.0417245713
2059,12.8786253446
2060,19.1294302522
2061,16.4287601808
2062,6.63957152542
2063,8.48164240643
2064,11.6471575127
2065,17.0715223887
2066,16.6630148165
2067,15.235629034
2068,14.8142906768
2069,11.3256463603
2070,10.4765800339
2071,14.5707830913
2072,15.561043812
2073,8.62722067875
2074,13.5350143925
2075,11.0144545803
2076,17.6170099095
2077,12.783758249
2078,14.2124141787
2079,18.4880885485
2080,4.28912795685
2081,15.701654432
2082,15.6443763982
2083,13.8909460018
2084,7.74623778399
2085,14.7468236634
2086,9.97551750162
2087,13.2749535456
2088,4.99630538719
2089,17.0807331184
2090,14.9063324564
2091,6.96805324226
2092,7.8021659459
2093,13.3656440338
2094,7.63747391362
2095,11.5956831929
2096,14.0260565121
2097,7.81304754913
2098,12.1214732925
2099,15.3923576999
2100,13.9745985138
2101,6.23536875319
2102,4.26715541994
2103,4.83389401324
2104,11.8536934998
2105,8.36426835097
2106,3.23755863086
2107,4.17754972094
2108,1.30696295885
2109,12.1674799045
2110,11.5602160361
2111,6.05111621849
2112,1.68039459583
2113,9.49921416807
2114,11.2353291873
2115,8.67883775847
2116,6.83055463019
2117,2.3291334646
2118,12.8714870246
2119,10.5320440547
2120,12.0596608164
2121,6.8381057961
2122,10.6428200431
2123,10.1683010641
2124,1.30221028912
2125,2.30178907078
2126,8.78014243055
2127,3.28695542654
2128,6.97979671432
2129,4.6134534857
2130,12.3805882261
2131,4.7001078215
2132,4.38746181545
2133,6.93964015653
2134,14.5890271784
2135,12.2415175736
2136,11.0741942232
2137,14.1946816171
2138,2.94821283665
2139,6.37071268908
2140,6.76934584021
2141,10.6108292912
2142,4.31381126991
2143,4.29050952792
2144,10.0280955624
2145,1.74147884818
2146,3.84291596808
2147,1.92671632572
2148,2.80803062479
2149,7.39262372813
2150,4.19534000776
2151,6.05935785724
2152,3.68890361359
2153,6.17445946689
2154,11.2372052413
2155,10.9756523483
2156,1.55658487116
2157,5.86315442887
2158,2.77043694079
2159,3.72423247869
2160,7.1141985582
2161,3.14867274765
2162,8.95873183506
2163,12.7582322229
2164,9.62908998572
2165,6.86864277322
2166,5.26376899242
2167,8.04065085169
2168,9.68052507816
2169,6.40041352281
2170,11.501810659
2171,9.6390449442
2172,13.4875708598
2173,13.3608738211
2174,13.3535624762
2175,7.27409334543
2176,9.12512816484
2177,3.11942909897
2178,5.27083032214
2179,3.81585916009
2180,8.21061718867
2181,6.37469789695
2182,8.90835597882
2183,9.51683728147
2184,11.4421890148
2185,5.85613662044
2186,13.4058825594
2187,5.96296271082
2188,7.66005209803
2189,8.26200637238
2190,5.71930878793
2191,11.7284736223
2192,8.1269209905
2193,14.6475761255
2194,11.928960756
2195,14.2941223218
2196,10.475945866
2197,5.30218526494
2198,14.3023879664
2199,11.0315679629
2200,14.272961646
2201,13.669522996
2202,6.61117861725
2203,13.3424466941
2204,11.7249405123
2205,7.46167880122
2206,8.72284480818
2207,11.6620479807
2208,8.60349741012
2209,13.4607549254
2210,13.5986338635
2211,14.5345502377
2212,14.7701765075
2213,14.1445906999
2214,11.5596882479
2215,6.30221169334
2216,7.83414800618
2217,6.78847346406
2218,12.400331904
2219,8.09790505721
2220,8.44300605689
2221,14.1340928466
2222,15.8758839821
2223,1.57951575808
2224,10.1416750961
2225,14.6022588385
2226,12.0815159707
2227,9.30555156331
2228,12.1045666967
2229,9.74640305486
2230,8.800275554
2231,10.3433643702
2232,12.6056793811
2233,7.21622403088
2234,4.84077735166
2235,14.2667555332
2236,12.6556953069
2237,8.89152768333
2238,4.19159409969
2239,15.3095131479
2240,13.1674401701
2241,9.10074360414
2242,7.39966600071
2243,11.0385811425
2244,6.70959378009
2245,12.1856758016
2246,12.5737531299
2247,12.7695045074
2248,8.57846950108
2249,13.9785210711
2250,12.968051489
